CREATE TABLE IF NOT EXISTS "auth_group" ("id" integer NOT NULL PRIMARY KEY AUTOINCREMENT, "name" varchar(150) NOT NULL UNIQUE);
CREATE UNIQUE INDEX "django_content_type_app_label_model_76bd3d3b_uniq" ON "django_content_type" ("app_label", "model");
CREATE UNIQUE INDEX "auth_group_permissions_group_id_permission_id_0cd325b0_uniq" ON "auth_group_permissions" ("group_id", "permission_id");
CREATE INDEX IF NOT EXISTS "auth_group_permissions_group_id_b120cbf9" ON "auth_group_permissions" ("group_id");
CREATE INDEX IF NOT EXISTS "auth_group_permissions_permission_id_84c5c92e" ON "auth_group_permissions" ("permission_id");
CREATE UNIQUE INDEX "auth_permission_content_type_id_codename_01ab375a_uniq" ON "auth_permission" ("content_type_id", "codename");
CREATE INDEX IF NOT EXISTS "auth_permission_content_type_id_2f476e4b" ON "auth_permission" ("content_type_id");
CREATE UNIQUE INDEX "cosmetics_client_groups_client_id_group_id_7a24cb08_uniq" ON "cosmetics_client_groups" ("client_id", "group_id");
CREATE INDEX IF NOT EXISTS "cosmetics_client_groups_client_id_bd105a36" ON "cosmetics_client_groups" ("client_id");
CREATE INDEX IF NOT EXISTS "cosmetics_client_groups_group_id_b362887d" ON "cosmetics_client_groups" ("group_id");
CREATE UNIQUE INDEX "cosmetics_client_user_permissions_client_id_permission_id_ad016a5e_uniq" ON "cosmetics_client_user_permissions" ("client_id", "permission_id");
CREATE INDEX IF NOT EXISTS "cosmetics_client_user_permissions_client_id_9180c2c7" ON "cosmetics_client_user_permissions" ("client_id");
CREATE INDEX IF NOT EXISTS "cosmetics_client_user_permissions_permission_id_72b59bee" ON "cosmetics_client_user_permissions" ("permission_id");
CREATE INDEX IF NOT EXISTS "cosmetics_subcategory_category_id_31439722" ON "cosmetics_subcategory" ("category_id");
CREATE INDEX IF NOT EXISTS "cosmetics_product_category_id_994d511a" ON "cosmetics_product" ("category_id");
CREATE INDEX IF NOT EXISTS "cosmetics_product_manufacturer_id_bfb1c733" ON "cosmetics_product" ("manufacturer_id");
CREATE INDEX IF NOT EXISTS "cosmetics_product_subcategory_id_bba80b71" ON "cosmetics_product" ("subcategory_id");
CREATE INDEX IF NOT EXISTS "cosmetics_order_client_id_fa5db577" ON "cosmetics_order" ("client_id");
CREATE UNIQUE INDEX "cosmetics_order_carts_order_id_cart_id_49c2409d_uniq" ON "cosmetics_order_carts" ("order_id", "cart_id");
CREATE INDEX IF NOT EXISTS "cosmetics_order_carts_order_id_d8627eff" ON "cosmetics_order_carts" ("order_id");
CREATE INDEX IF NOT EXISTS "cosmetics_order_carts_cart_id_b223b64f" ON "cosmetics_order_carts" ("cart_id");
CREATE INDEX IF NOT EXISTS "cosmetics_cart_client_id_abcb6bc1" ON "cosmetics_cart" ("client_id");
CREATE INDEX IF NOT EXISTS "cosmetics_cart_product_id_37f2ca93" ON "cosmetics_cart" ("product_id");
CREATE INDEX IF NOT EXISTS "django_admin_log_content_type_id_c4bce8eb" ON "django_admin_log" ("content_type_id");
CREATE INDEX IF NOT EXISTS "django_admin_log_user_id_c564eba6" ON "django_admin_log" ("user_id");
CREATE INDEX IF NOT EXISTS "django_session_expire_date_a5c62663" ON "django_session" ("expire_date");
CREATE TABLE IF NOT EXISTS "auth_group_permissions" ("id" integer NOT NULL PRIMARY KEY AUTOINCREMENT, "group_id" integer NOT NULL REFERENCES "auth_group" ("id") DEFERRABLE INITIALLY DEFERRED, "permission_id" integer NOT NULL REFERENCES "auth_permission" ("id") DEFERRABLE INITIALLY DEFERRED);
CREATE UNIQUE INDEX "django_content_type_app_label_model_76bd3d3b_uniq" ON "django_content_type" ("app_label", "model");
CREATE UNIQUE INDEX "auth_group_permissions_group_id_permission_id_0cd325b0_uniq" ON "auth_group_permissions" ("group_id", "permission_id");
CREATE INDEX IF NOT EXISTS "auth_group_permissions_group_id_b120cbf9" ON "auth_group_permissions" ("group_id");
CREATE INDEX IF NOT EXISTS "auth_group_permissions_permission_id_84c5c92e" ON "auth_group_permissions" ("permission_id");
CREATE UNIQUE INDEX "auth_permission_content_type_id_codename_01ab375a_uniq" ON "auth_permission" ("content_type_id", "codename");
CREATE INDEX IF NOT EXISTS "auth_permission_content_type_id_2f476e4b" ON "auth_permission" ("content_type_id");
CREATE UNIQUE INDEX "cosmetics_client_groups_client_id_group_id_7a24cb08_uniq" ON "cosmetics_client_groups" ("client_id", "group_id");
CREATE INDEX IF NOT EXISTS "cosmetics_client_groups_client_id_bd105a36" ON "cosmetics_client_groups" ("client_id");
CREATE INDEX IF NOT EXISTS "cosmetics_client_groups_group_id_b362887d" ON "cosmetics_client_groups" ("group_id");
CREATE UNIQUE INDEX "cosmetics_client_user_permissions_client_id_permission_id_ad016a5e_uniq" ON "cosmetics_client_user_permissions" ("client_id", "permission_id");
CREATE INDEX IF NOT EXISTS "cosmetics_client_user_permissions_client_id_9180c2c7" ON "cosmetics_client_user_permissions" ("client_id");
CREATE INDEX IF NOT EXISTS "cosmetics_client_user_permissions_permission_id_72b59bee" ON "cosmetics_client_user_permissions" ("permission_id");
CREATE INDEX IF NOT EXISTS "cosmetics_subcategory_category_id_31439722" ON "cosmetics_subcategory" ("category_id");
CREATE INDEX IF NOT EXISTS "cosmetics_product_category_id_994d511a" ON "cosmetics_product" ("category_id");
CREATE INDEX IF NOT EXISTS "cosmetics_product_manufacturer_id_bfb1c733" ON "cosmetics_product" ("manufacturer_id");
CREATE INDEX IF NOT EXISTS "cosmetics_product_subcategory_id_bba80b71" ON "cosmetics_product" ("subcategory_id");
CREATE INDEX IF NOT EXISTS "cosmetics_order_client_id_fa5db577" ON "cosmetics_order" ("client_id");
CREATE UNIQUE INDEX "cosmetics_order_carts_order_id_cart_id_49c2409d_uniq" ON "cosmetics_order_carts" ("order_id", "cart_id");
CREATE INDEX IF NOT EXISTS "cosmetics_order_carts_order_id_d8627eff" ON "cosmetics_order_carts" ("order_id");
CREATE INDEX IF NOT EXISTS "cosmetics_order_carts_cart_id_b223b64f" ON "cosmetics_order_carts" ("cart_id");
CREATE INDEX IF NOT EXISTS "cosmetics_cart_client_id_abcb6bc1" ON "cosmetics_cart" ("client_id");
CREATE INDEX IF NOT EXISTS "cosmetics_cart_product_id_37f2ca93" ON "cosmetics_cart" ("product_id");
CREATE INDEX IF NOT EXISTS "django_admin_log_content_type_id_c4bce8eb" ON "django_admin_log" ("content_type_id");
CREATE INDEX IF NOT EXISTS "django_admin_log_user_id_c564eba6" ON "django_admin_log" ("user_id");
CREATE INDEX IF NOT EXISTS "django_session_expire_date_a5c62663" ON "django_session" ("expire_date");
CREATE TABLE IF NOT EXISTS "auth_permission" ("id" integer NOT NULL PRIMARY KEY AUTOINCREMENT, "content_type_id" integer NOT NULL REFERENCES "django_content_type" ("id") DEFERRABLE INITIALLY DEFERRED, "codename" varchar(100) NOT NULL, "name" varchar(255) NOT NULL);
INSERT INTO "auth_permission" VALUES(1,1,'add_logentry','Can add log entry');
INSERT INTO "auth_permission" VALUES(2,1,'change_logentry','Can change log entry');
INSERT INTO "auth_permission" VALUES(3,1,'delete_logentry','Can delete log entry');
INSERT INTO "auth_permission" VALUES(4,1,'view_logentry','Can view log entry');
INSERT INTO "auth_permission" VALUES(5,2,'add_permission','Can add permission');
INSERT INTO "auth_permission" VALUES(6,2,'change_permission','Can change permission');
INSERT INTO "auth_permission" VALUES(7,2,'delete_permission','Can delete permission');
INSERT INTO "auth_permission" VALUES(8,2,'view_permission','Can view permission');
INSERT INTO "auth_permission" VALUES(9,3,'add_group','Can add group');
INSERT INTO "auth_permission" VALUES(10,3,'change_group','Can change group');
INSERT INTO "auth_permission" VALUES(11,3,'delete_group','Can delete group');
INSERT INTO "auth_permission" VALUES(12,3,'view_group','Can view group');
INSERT INTO "auth_permission" VALUES(13,4,'add_contenttype','Can add content type');
INSERT INTO "auth_permission" VALUES(14,4,'change_contenttype','Can change content type');
INSERT INTO "auth_permission" VALUES(15,4,'delete_contenttype','Can delete content type');
INSERT INTO "auth_permission" VALUES(16,4,'view_contenttype','Can view content type');
INSERT INTO "auth_permission" VALUES(17,5,'add_session','Can add session');
INSERT INTO "auth_permission" VALUES(18,5,'change_session','Can change session');
INSERT INTO "auth_permission" VALUES(19,5,'delete_session','Can delete session');
INSERT INTO "auth_permission" VALUES(20,5,'view_session','Can view session');
INSERT INTO "auth_permission" VALUES(21,6,'add_client','Can add user');
INSERT INTO "auth_permission" VALUES(22,6,'change_client','Can change user');
INSERT INTO "auth_permission" VALUES(23,6,'delete_client','Can delete user');
INSERT INTO "auth_permission" VALUES(24,6,'view_client','Can view user');
INSERT INTO "auth_permission" VALUES(25,7,'add_cart','Can add cart');
INSERT INTO "auth_permission" VALUES(26,7,'change_cart','Can change cart');
INSERT INTO "auth_permission" VALUES(27,7,'delete_cart','Can delete cart');
INSERT INTO "auth_permission" VALUES(28,7,'view_cart','Can view cart');
INSERT INTO "auth_permission" VALUES(29,8,'add_category','Can add category');
INSERT INTO "auth_permission" VALUES(30,8,'change_category','Can change category');
INSERT INTO "auth_permission" VALUES(31,8,'delete_category','Can delete category');
INSERT INTO "auth_permission" VALUES(32,8,'view_category','Can view category');
INSERT INTO "auth_permission" VALUES(33,9,'add_manufacturer','Can add manufacturer');
INSERT INTO "auth_permission" VALUES(34,9,'change_manufacturer','Can change manufacturer');
INSERT INTO "auth_permission" VALUES(35,9,'delete_manufacturer','Can delete manufacturer');
INSERT INTO "auth_permission" VALUES(36,9,'view_manufacturer','Can view manufacturer');
INSERT INTO "auth_permission" VALUES(37,10,'add_subcategory','Can add subcategory');
INSERT INTO "auth_permission" VALUES(38,10,'change_subcategory','Can change subcategory');
INSERT INTO "auth_permission" VALUES(39,10,'delete_subcategory','Can delete subcategory');
INSERT INTO "auth_permission" VALUES(40,10,'view_subcategory','Can view subcategory');
INSERT INTO "auth_permission" VALUES(41,11,'add_product','Can add product');
INSERT INTO "auth_permission" VALUES(42,11,'change_product','Can change product');
INSERT INTO "auth_permission" VALUES(43,11,'delete_product','Can delete product');
INSERT INTO "auth_permission" VALUES(44,11,'view_product','Can view product');
INSERT INTO "auth_permission" VALUES(45,12,'add_order','Can add order');
INSERT INTO "auth_permission" VALUES(46,12,'change_order','Can change order');
INSERT INTO "auth_permission" VALUES(47,12,'delete_order','Can delete order');
INSERT INTO "auth_permission" VALUES(48,12,'view_order','Can view order');
CREATE UNIQUE INDEX "django_content_type_app_label_model_76bd3d3b_uniq" ON "django_content_type" ("app_label", "model");
CREATE UNIQUE INDEX "auth_group_permissions_group_id_permission_id_0cd325b0_uniq" ON "auth_group_permissions" ("group_id", "permission_id");
CREATE INDEX IF NOT EXISTS "auth_group_permissions_group_id_b120cbf9" ON "auth_group_permissions" ("group_id");
CREATE INDEX IF NOT EXISTS "auth_group_permissions_permission_id_84c5c92e" ON "auth_group_permissions" ("permission_id");
CREATE UNIQUE INDEX "auth_permission_content_type_id_codename_01ab375a_uniq" ON "auth_permission" ("content_type_id", "codename");
CREATE INDEX IF NOT EXISTS "auth_permission_content_type_id_2f476e4b" ON "auth_permission" ("content_type_id");
CREATE UNIQUE INDEX "cosmetics_client_groups_client_id_group_id_7a24cb08_uniq" ON "cosmetics_client_groups" ("client_id", "group_id");
CREATE INDEX IF NOT EXISTS "cosmetics_client_groups_client_id_bd105a36" ON "cosmetics_client_groups" ("client_id");
CREATE INDEX IF NOT EXISTS "cosmetics_client_groups_group_id_b362887d" ON "cosmetics_client_groups" ("group_id");
CREATE UNIQUE INDEX "cosmetics_client_user_permissions_client_id_permission_id_ad016a5e_uniq" ON "cosmetics_client_user_permissions" ("client_id", "permission_id");
CREATE INDEX IF NOT EXISTS "cosmetics_client_user_permissions_client_id_9180c2c7" ON "cosmetics_client_user_permissions" ("client_id");
CREATE INDEX IF NOT EXISTS "cosmetics_client_user_permissions_permission_id_72b59bee" ON "cosmetics_client_user_permissions" ("permission_id");
CREATE INDEX IF NOT EXISTS "cosmetics_subcategory_category_id_31439722" ON "cosmetics_subcategory" ("category_id");
CREATE INDEX IF NOT EXISTS "cosmetics_product_category_id_994d511a" ON "cosmetics_product" ("category_id");
CREATE INDEX IF NOT EXISTS "cosmetics_product_manufacturer_id_bfb1c733" ON "cosmetics_product" ("manufacturer_id");
CREATE INDEX IF NOT EXISTS "cosmetics_product_subcategory_id_bba80b71" ON "cosmetics_product" ("subcategory_id");
CREATE INDEX IF NOT EXISTS "cosmetics_order_client_id_fa5db577" ON "cosmetics_order" ("client_id");
CREATE UNIQUE INDEX "cosmetics_order_carts_order_id_cart_id_49c2409d_uniq" ON "cosmetics_order_carts" ("order_id", "cart_id");
CREATE INDEX IF NOT EXISTS "cosmetics_order_carts_order_id_d8627eff" ON "cosmetics_order_carts" ("order_id");
CREATE INDEX IF NOT EXISTS "cosmetics_order_carts_cart_id_b223b64f" ON "cosmetics_order_carts" ("cart_id");
CREATE INDEX IF NOT EXISTS "cosmetics_cart_client_id_abcb6bc1" ON "cosmetics_cart" ("client_id");
CREATE INDEX IF NOT EXISTS "cosmetics_cart_product_id_37f2ca93" ON "cosmetics_cart" ("product_id");
CREATE INDEX IF NOT EXISTS "django_admin_log_content_type_id_c4bce8eb" ON "django_admin_log" ("content_type_id");
CREATE INDEX IF NOT EXISTS "django_admin_log_user_id_c564eba6" ON "django_admin_log" ("user_id");
CREATE INDEX IF NOT EXISTS "django_session_expire_date_a5c62663" ON "django_session" ("expire_date");
CREATE TABLE IF NOT EXISTS "cosmetics_cart" ("id" integer NOT NULL PRIMARY KEY AUTOINCREMENT, "quantity" integer unsigned NOT NULL CHECK ("quantity" >= 0), "ordered" bool NOT NULL, "client_id" bigint NOT NULL REFERENCES "cosmetics_client" ("id") DEFERRABLE INITIALLY DEFERRED, "product_id" bigint NOT NULL REFERENCES "cosmetics_product" ("id") DEFERRABLE INITIALLY DEFERRED);
INSERT INTO "cosmetics_cart" VALUES(1,1,1,1,3);
INSERT INTO "cosmetics_cart" VALUES(2,1,1,1,7);
INSERT INTO "cosmetics_cart" VALUES(3,1,1,1,9);
INSERT INTO "cosmetics_cart" VALUES(4,1,1,1,8);
INSERT INTO "cosmetics_cart" VALUES(5,1,1,1,6);
INSERT INTO "cosmetics_cart" VALUES(6,1,1,1,4);
INSERT INTO "cosmetics_cart" VALUES(7,1,1,1,7);
INSERT INTO "cosmetics_cart" VALUES(8,1,1,1,2);
INSERT INTO "cosmetics_cart" VALUES(9,1,1,1,7);
INSERT INTO "cosmetics_cart" VALUES(10,1,1,1,10);
INSERT INTO "cosmetics_cart" VALUES(11,1,1,1,9);
INSERT INTO "cosmetics_cart" VALUES(12,1,1,2,7);
INSERT INTO "cosmetics_cart" VALUES(13,1,1,2,1);
INSERT INTO "cosmetics_cart" VALUES(14,1,1,2,3);
INSERT INTO "cosmetics_cart" VALUES(15,1,1,3,9);
INSERT INTO "cosmetics_cart" VALUES(16,1,1,3,7);
INSERT INTO "cosmetics_cart" VALUES(17,1,1,3,3);
INSERT INTO "cosmetics_cart" VALUES(18,1,1,3,1);
INSERT INTO "cosmetics_cart" VALUES(19,1,1,3,4);
INSERT INTO "cosmetics_cart" VALUES(20,1,1,3,5);
INSERT INTO "cosmetics_cart" VALUES(21,1,1,3,6);
INSERT INTO "cosmetics_cart" VALUES(22,1,1,3,8);
INSERT INTO "cosmetics_cart" VALUES(23,1,1,3,4);
INSERT INTO "cosmetics_cart" VALUES(24,1,1,3,1);
INSERT INTO "cosmetics_cart" VALUES(25,1,1,3,10);
CREATE UNIQUE INDEX "django_content_type_app_label_model_76bd3d3b_uniq" ON "django_content_type" ("app_label", "model");
CREATE UNIQUE INDEX "auth_group_permissions_group_id_permission_id_0cd325b0_uniq" ON "auth_group_permissions" ("group_id", "permission_id");
CREATE INDEX IF NOT EXISTS "auth_group_permissions_group_id_b120cbf9" ON "auth_group_permissions" ("group_id");
CREATE INDEX IF NOT EXISTS "auth_group_permissions_permission_id_84c5c92e" ON "auth_group_permissions" ("permission_id");
CREATE UNIQUE INDEX "auth_permission_content_type_id_codename_01ab375a_uniq" ON "auth_permission" ("content_type_id", "codename");
CREATE INDEX IF NOT EXISTS "auth_permission_content_type_id_2f476e4b" ON "auth_permission" ("content_type_id");
CREATE UNIQUE INDEX "cosmetics_client_groups_client_id_group_id_7a24cb08_uniq" ON "cosmetics_client_groups" ("client_id", "group_id");
CREATE INDEX IF NOT EXISTS "cosmetics_client_groups_client_id_bd105a36" ON "cosmetics_client_groups" ("client_id");
CREATE INDEX IF NOT EXISTS "cosmetics_client_groups_group_id_b362887d" ON "cosmetics_client_groups" ("group_id");
CREATE UNIQUE INDEX "cosmetics_client_user_permissions_client_id_permission_id_ad016a5e_uniq" ON "cosmetics_client_user_permissions" ("client_id", "permission_id");
CREATE INDEX IF NOT EXISTS "cosmetics_client_user_permissions_client_id_9180c2c7" ON "cosmetics_client_user_permissions" ("client_id");
CREATE INDEX IF NOT EXISTS "cosmetics_client_user_permissions_permission_id_72b59bee" ON "cosmetics_client_user_permissions" ("permission_id");
CREATE INDEX IF NOT EXISTS "cosmetics_subcategory_category_id_31439722" ON "cosmetics_subcategory" ("category_id");
CREATE INDEX IF NOT EXISTS "cosmetics_product_category_id_994d511a" ON "cosmetics_product" ("category_id");
CREATE INDEX IF NOT EXISTS "cosmetics_product_manufacturer_id_bfb1c733" ON "cosmetics_product" ("manufacturer_id");
CREATE INDEX IF NOT EXISTS "cosmetics_product_subcategory_id_bba80b71" ON "cosmetics_product" ("subcategory_id");
CREATE INDEX IF NOT EXISTS "cosmetics_order_client_id_fa5db577" ON "cosmetics_order" ("client_id");
CREATE UNIQUE INDEX "cosmetics_order_carts_order_id_cart_id_49c2409d_uniq" ON "cosmetics_order_carts" ("order_id", "cart_id");
CREATE INDEX IF NOT EXISTS "cosmetics_order_carts_order_id_d8627eff" ON "cosmetics_order_carts" ("order_id");
CREATE INDEX IF NOT EXISTS "cosmetics_order_carts_cart_id_b223b64f" ON "cosmetics_order_carts" ("cart_id");
CREATE INDEX IF NOT EXISTS "cosmetics_cart_client_id_abcb6bc1" ON "cosmetics_cart" ("client_id");
CREATE INDEX IF NOT EXISTS "cosmetics_cart_product_id_37f2ca93" ON "cosmetics_cart" ("product_id");
CREATE INDEX IF NOT EXISTS "django_admin_log_content_type_id_c4bce8eb" ON "django_admin_log" ("content_type_id");
CREATE INDEX IF NOT EXISTS "django_admin_log_user_id_c564eba6" ON "django_admin_log" ("user_id");
CREATE INDEX IF NOT EXISTS "django_session_expire_date_a5c62663" ON "django_session" ("expire_date");
CREATE TABLE IF NOT EXISTS "cosmetics_category" ("id" integer NOT NULL PRIMARY KEY AUTOINCREMENT, "name" varchar(200) NOT NULL UNIQUE, "icon" varchar(100) NOT NULL);
INSERT INTO "cosmetics_category" VALUES(3,'Make-up','category/category-1.jpg');
INSERT INTO "cosmetics_category" VALUES(4,'Skin-care','category/category-2.jpg');
INSERT INTO "cosmetics_category" VALUES(5,'Hair-care','category/category-3.jpg');
INSERT INTO "cosmetics_category" VALUES(6,'Perfume','category/category-4.jpg');
CREATE UNIQUE INDEX "django_content_type_app_label_model_76bd3d3b_uniq" ON "django_content_type" ("app_label", "model");
CREATE UNIQUE INDEX "auth_group_permissions_group_id_permission_id_0cd325b0_uniq" ON "auth_group_permissions" ("group_id", "permission_id");
CREATE INDEX IF NOT EXISTS "auth_group_permissions_group_id_b120cbf9" ON "auth_group_permissions" ("group_id");
CREATE INDEX IF NOT EXISTS "auth_group_permissions_permission_id_84c5c92e" ON "auth_group_permissions" ("permission_id");
CREATE UNIQUE INDEX "auth_permission_content_type_id_codename_01ab375a_uniq" ON "auth_permission" ("content_type_id", "codename");
CREATE INDEX IF NOT EXISTS "auth_permission_content_type_id_2f476e4b" ON "auth_permission" ("content_type_id");
CREATE UNIQUE INDEX "cosmetics_client_groups_client_id_group_id_7a24cb08_uniq" ON "cosmetics_client_groups" ("client_id", "group_id");
CREATE INDEX IF NOT EXISTS "cosmetics_client_groups_client_id_bd105a36" ON "cosmetics_client_groups" ("client_id");
CREATE INDEX IF NOT EXISTS "cosmetics_client_groups_group_id_b362887d" ON "cosmetics_client_groups" ("group_id");
CREATE UNIQUE INDEX "cosmetics_client_user_permissions_client_id_permission_id_ad016a5e_uniq" ON "cosmetics_client_user_permissions" ("client_id", "permission_id");
CREATE INDEX IF NOT EXISTS "cosmetics_client_user_permissions_client_id_9180c2c7" ON "cosmetics_client_user_permissions" ("client_id");
CREATE INDEX IF NOT EXISTS "cosmetics_client_user_permissions_permission_id_72b59bee" ON "cosmetics_client_user_permissions" ("permission_id");
CREATE INDEX IF NOT EXISTS "cosmetics_subcategory_category_id_31439722" ON "cosmetics_subcategory" ("category_id");
CREATE INDEX IF NOT EXISTS "cosmetics_product_category_id_994d511a" ON "cosmetics_product" ("category_id");
CREATE INDEX IF NOT EXISTS "cosmetics_product_manufacturer_id_bfb1c733" ON "cosmetics_product" ("manufacturer_id");
CREATE INDEX IF NOT EXISTS "cosmetics_product_subcategory_id_bba80b71" ON "cosmetics_product" ("subcategory_id");
CREATE INDEX IF NOT EXISTS "cosmetics_order_client_id_fa5db577" ON "cosmetics_order" ("client_id");
CREATE UNIQUE INDEX "cosmetics_order_carts_order_id_cart_id_49c2409d_uniq" ON "cosmetics_order_carts" ("order_id", "cart_id");
CREATE INDEX IF NOT EXISTS "cosmetics_order_carts_order_id_d8627eff" ON "cosmetics_order_carts" ("order_id");
CREATE INDEX IF NOT EXISTS "cosmetics_order_carts_cart_id_b223b64f" ON "cosmetics_order_carts" ("cart_id");
CREATE INDEX IF NOT EXISTS "cosmetics_cart_client_id_abcb6bc1" ON "cosmetics_cart" ("client_id");
CREATE INDEX IF NOT EXISTS "cosmetics_cart_product_id_37f2ca93" ON "cosmetics_cart" ("product_id");
CREATE INDEX IF NOT EXISTS "django_admin_log_content_type_id_c4bce8eb" ON "django_admin_log" ("content_type_id");
CREATE INDEX IF NOT EXISTS "django_admin_log_user_id_c564eba6" ON "django_admin_log" ("user_id");
CREATE INDEX IF NOT EXISTS "django_session_expire_date_a5c62663" ON "django_session" ("expire_date");
CREATE TABLE IF NOT EXISTS "cosmetics_client" ("id" integer NOT NULL PRIMARY KEY AUTOINCREMENT, "password" varchar(128) NOT NULL, "last_login" datetime NULL, "is_superuser" bool NOT NULL, "username" varchar(150) NOT NULL UNIQUE, "is_staff" bool NOT NULL, "is_active" bool NOT NULL, "date_joined" datetime NOT NULL, "first_name" varchar(200) NOT NULL, "last_name" varchar(200) NOT NULL, "address" varchar(300) NOT NULL, "phone_number" varchar(15) NOT NULL UNIQUE, "email" varchar(254) NOT NULL UNIQUE);
INSERT INTO "cosmetics_client" VALUES(1,'pbkdf2_sha256$600000$Mv81CwXrodXdO2oHKIXK4v$LsOSgAk2dzHEbJR40sSLCpEAY4CSUSjgvW8CrfdO9aw=','2024-01-08 18:23:31.231344',1,'admin',1,1,'2024-01-08 17:38:05.459439','','','','','admin@test.com');
INSERT INTO "cosmetics_client" VALUES(2,'pbkdf2_sha256$600000$qj9Gm7Eujvg6yIYoyDHsrs$MTUtGzjsTUzQn2ZFtbdjj48zWIuirU2v4XfN4Zx3vXw=','2024-01-08 18:19:26.233838',0,'test',0,1,'2024-01-08 17:39:37.871634','John','Doe','str. I.C Bratianu','0722889977','test@test.com');
INSERT INTO "cosmetics_client" VALUES(3,'pbkdf2_sha256$600000$PIwqzzZalSUOUVpA09gKtp$ntr095POAXXjhxF78hwhu+rqKA7BfeVd71pyCt3xmMg=','2024-01-08 18:20:44.607861',0,'test1',0,1,'2024-01-08 17:40:55.408406','Will','Smith','str. I.C Popescu','0755889977','test1@test.com');
CREATE UNIQUE INDEX "django_content_type_app_label_model_76bd3d3b_uniq" ON "django_content_type" ("app_label", "model");
CREATE UNIQUE INDEX "auth_group_permissions_group_id_permission_id_0cd325b0_uniq" ON "auth_group_permissions" ("group_id", "permission_id");
CREATE INDEX IF NOT EXISTS "auth_group_permissions_group_id_b120cbf9" ON "auth_group_permissions" ("group_id");
CREATE INDEX IF NOT EXISTS "auth_group_permissions_permission_id_84c5c92e" ON "auth_group_permissions" ("permission_id");
CREATE UNIQUE INDEX "auth_permission_content_type_id_codename_01ab375a_uniq" ON "auth_permission" ("content_type_id", "codename");
CREATE INDEX IF NOT EXISTS "auth_permission_content_type_id_2f476e4b" ON "auth_permission" ("content_type_id");
CREATE UNIQUE INDEX "cosmetics_client_groups_client_id_group_id_7a24cb08_uniq" ON "cosmetics_client_groups" ("client_id", "group_id");
CREATE INDEX IF NOT EXISTS "cosmetics_client_groups_client_id_bd105a36" ON "cosmetics_client_groups" ("client_id");
CREATE INDEX IF NOT EXISTS "cosmetics_client_groups_group_id_b362887d" ON "cosmetics_client_groups" ("group_id");
CREATE UNIQUE INDEX "cosmetics_client_user_permissions_client_id_permission_id_ad016a5e_uniq" ON "cosmetics_client_user_permissions" ("client_id", "permission_id");
CREATE INDEX IF NOT EXISTS "cosmetics_client_user_permissions_client_id_9180c2c7" ON "cosmetics_client_user_permissions" ("client_id");
CREATE INDEX IF NOT EXISTS "cosmetics_client_user_permissions_permission_id_72b59bee" ON "cosmetics_client_user_permissions" ("permission_id");
CREATE INDEX IF NOT EXISTS "cosmetics_subcategory_category_id_31439722" ON "cosmetics_subcategory" ("category_id");
CREATE INDEX IF NOT EXISTS "cosmetics_product_category_id_994d511a" ON "cosmetics_product" ("category_id");
CREATE INDEX IF NOT EXISTS "cosmetics_product_manufacturer_id_bfb1c733" ON "cosmetics_product" ("manufacturer_id");
CREATE INDEX IF NOT EXISTS "cosmetics_product_subcategory_id_bba80b71" ON "cosmetics_product" ("subcategory_id");
CREATE INDEX IF NOT EXISTS "cosmetics_order_client_id_fa5db577" ON "cosmetics_order" ("client_id");
CREATE UNIQUE INDEX "cosmetics_order_carts_order_id_cart_id_49c2409d_uniq" ON "cosmetics_order_carts" ("order_id", "cart_id");
CREATE INDEX IF NOT EXISTS "cosmetics_order_carts_order_id_d8627eff" ON "cosmetics_order_carts" ("order_id");
CREATE INDEX IF NOT EXISTS "cosmetics_order_carts_cart_id_b223b64f" ON "cosmetics_order_carts" ("cart_id");
CREATE INDEX IF NOT EXISTS "cosmetics_cart_client_id_abcb6bc1" ON "cosmetics_cart" ("client_id");
CREATE INDEX IF NOT EXISTS "cosmetics_cart_product_id_37f2ca93" ON "cosmetics_cart" ("product_id");
CREATE INDEX IF NOT EXISTS "django_admin_log_content_type_id_c4bce8eb" ON "django_admin_log" ("content_type_id");
CREATE INDEX IF NOT EXISTS "django_admin_log_user_id_c564eba6" ON "django_admin_log" ("user_id");
CREATE INDEX IF NOT EXISTS "django_session_expire_date_a5c62663" ON "django_session" ("expire_date");
CREATE TABLE IF NOT EXISTS "cosmetics_client_groups" ("id" integer NOT NULL PRIMARY KEY AUTOINCREMENT, "client_id" bigint NOT NULL REFERENCES "cosmetics_client" ("id") DEFERRABLE INITIALLY DEFERRED, "group_id" integer NOT NULL REFERENCES "auth_group" ("id") DEFERRABLE INITIALLY DEFERRED);
CREATE UNIQUE INDEX "django_content_type_app_label_model_76bd3d3b_uniq" ON "django_content_type" ("app_label", "model");
CREATE UNIQUE INDEX "auth_group_permissions_group_id_permission_id_0cd325b0_uniq" ON "auth_group_permissions" ("group_id", "permission_id");
CREATE INDEX IF NOT EXISTS "auth_group_permissions_group_id_b120cbf9" ON "auth_group_permissions" ("group_id");
CREATE INDEX IF NOT EXISTS "auth_group_permissions_permission_id_84c5c92e" ON "auth_group_permissions" ("permission_id");
CREATE UNIQUE INDEX "auth_permission_content_type_id_codename_01ab375a_uniq" ON "auth_permission" ("content_type_id", "codename");
CREATE INDEX IF NOT EXISTS "auth_permission_content_type_id_2f476e4b" ON "auth_permission" ("content_type_id");
CREATE UNIQUE INDEX "cosmetics_client_groups_client_id_group_id_7a24cb08_uniq" ON "cosmetics_client_groups" ("client_id", "group_id");
CREATE INDEX IF NOT EXISTS "cosmetics_client_groups_client_id_bd105a36" ON "cosmetics_client_groups" ("client_id");
CREATE INDEX IF NOT EXISTS "cosmetics_client_groups_group_id_b362887d" ON "cosmetics_client_groups" ("group_id");
CREATE UNIQUE INDEX "cosmetics_client_user_permissions_client_id_permission_id_ad016a5e_uniq" ON "cosmetics_client_user_permissions" ("client_id", "permission_id");
CREATE INDEX IF NOT EXISTS "cosmetics_client_user_permissions_client_id_9180c2c7" ON "cosmetics_client_user_permissions" ("client_id");
CREATE INDEX IF NOT EXISTS "cosmetics_client_user_permissions_permission_id_72b59bee" ON "cosmetics_client_user_permissions" ("permission_id");
CREATE INDEX IF NOT EXISTS "cosmetics_subcategory_category_id_31439722" ON "cosmetics_subcategory" ("category_id");
CREATE INDEX IF NOT EXISTS "cosmetics_product_category_id_994d511a" ON "cosmetics_product" ("category_id");
CREATE INDEX IF NOT EXISTS "cosmetics_product_manufacturer_id_bfb1c733" ON "cosmetics_product" ("manufacturer_id");
CREATE INDEX IF NOT EXISTS "cosmetics_product_subcategory_id_bba80b71" ON "cosmetics_product" ("subcategory_id");
CREATE INDEX IF NOT EXISTS "cosmetics_order_client_id_fa5db577" ON "cosmetics_order" ("client_id");
CREATE UNIQUE INDEX "cosmetics_order_carts_order_id_cart_id_49c2409d_uniq" ON "cosmetics_order_carts" ("order_id", "cart_id");
CREATE INDEX IF NOT EXISTS "cosmetics_order_carts_order_id_d8627eff" ON "cosmetics_order_carts" ("order_id");
CREATE INDEX IF NOT EXISTS "cosmetics_order_carts_cart_id_b223b64f" ON "cosmetics_order_carts" ("cart_id");
CREATE INDEX IF NOT EXISTS "cosmetics_cart_client_id_abcb6bc1" ON "cosmetics_cart" ("client_id");
CREATE INDEX IF NOT EXISTS "cosmetics_cart_product_id_37f2ca93" ON "cosmetics_cart" ("product_id");
CREATE INDEX IF NOT EXISTS "django_admin_log_content_type_id_c4bce8eb" ON "django_admin_log" ("content_type_id");
CREATE INDEX IF NOT EXISTS "django_admin_log_user_id_c564eba6" ON "django_admin_log" ("user_id");
CREATE INDEX IF NOT EXISTS "django_session_expire_date_a5c62663" ON "django_session" ("expire_date");
CREATE TABLE IF NOT EXISTS "cosmetics_client_user_permissions" ("id" integer NOT NULL PRIMARY KEY AUTOINCREMENT, "client_id" bigint NOT NULL REFERENCES "cosmetics_client" ("id") DEFERRABLE INITIALLY DEFERRED, "permission_id" integer NOT NULL REFERENCES "auth_permission" ("id") DEFERRABLE INITIALLY DEFERRED);
CREATE UNIQUE INDEX "django_content_type_app_label_model_76bd3d3b_uniq" ON "django_content_type" ("app_label", "model");
CREATE UNIQUE INDEX "auth_group_permissions_group_id_permission_id_0cd325b0_uniq" ON "auth_group_permissions" ("group_id", "permission_id");
CREATE INDEX IF NOT EXISTS "auth_group_permissions_group_id_b120cbf9" ON "auth_group_permissions" ("group_id");
CREATE INDEX IF NOT EXISTS "auth_group_permissions_permission_id_84c5c92e" ON "auth_group_permissions" ("permission_id");
CREATE UNIQUE INDEX "auth_permission_content_type_id_codename_01ab375a_uniq" ON "auth_permission" ("content_type_id", "codename");
CREATE INDEX IF NOT EXISTS "auth_permission_content_type_id_2f476e4b" ON "auth_permission" ("content_type_id");
CREATE UNIQUE INDEX "cosmetics_client_groups_client_id_group_id_7a24cb08_uniq" ON "cosmetics_client_groups" ("client_id", "group_id");
CREATE INDEX IF NOT EXISTS "cosmetics_client_groups_client_id_bd105a36" ON "cosmetics_client_groups" ("client_id");
CREATE INDEX IF NOT EXISTS "cosmetics_client_groups_group_id_b362887d" ON "cosmetics_client_groups" ("group_id");
CREATE UNIQUE INDEX "cosmetics_client_user_permissions_client_id_permission_id_ad016a5e_uniq" ON "cosmetics_client_user_permissions" ("client_id", "permission_id");
CREATE INDEX IF NOT EXISTS "cosmetics_client_user_permissions_client_id_9180c2c7" ON "cosmetics_client_user_permissions" ("client_id");
CREATE INDEX IF NOT EXISTS "cosmetics_client_user_permissions_permission_id_72b59bee" ON "cosmetics_client_user_permissions" ("permission_id");
CREATE INDEX IF NOT EXISTS "cosmetics_subcategory_category_id_31439722" ON "cosmetics_subcategory" ("category_id");
CREATE INDEX IF NOT EXISTS "cosmetics_product_category_id_994d511a" ON "cosmetics_product" ("category_id");
CREATE INDEX IF NOT EXISTS "cosmetics_product_manufacturer_id_bfb1c733" ON "cosmetics_product" ("manufacturer_id");
CREATE INDEX IF NOT EXISTS "cosmetics_product_subcategory_id_bba80b71" ON "cosmetics_product" ("subcategory_id");
CREATE INDEX IF NOT EXISTS "cosmetics_order_client_id_fa5db577" ON "cosmetics_order" ("client_id");
CREATE UNIQUE INDEX "cosmetics_order_carts_order_id_cart_id_49c2409d_uniq" ON "cosmetics_order_carts" ("order_id", "cart_id");
CREATE INDEX IF NOT EXISTS "cosmetics_order_carts_order_id_d8627eff" ON "cosmetics_order_carts" ("order_id");
CREATE INDEX IF NOT EXISTS "cosmetics_order_carts_cart_id_b223b64f" ON "cosmetics_order_carts" ("cart_id");
CREATE INDEX IF NOT EXISTS "cosmetics_cart_client_id_abcb6bc1" ON "cosmetics_cart" ("client_id");
CREATE INDEX IF NOT EXISTS "cosmetics_cart_product_id_37f2ca93" ON "cosmetics_cart" ("product_id");
CREATE INDEX IF NOT EXISTS "django_admin_log_content_type_id_c4bce8eb" ON "django_admin_log" ("content_type_id");
CREATE INDEX IF NOT EXISTS "django_admin_log_user_id_c564eba6" ON "django_admin_log" ("user_id");
CREATE INDEX IF NOT EXISTS "django_session_expire_date_a5c62663" ON "django_session" ("expire_date");
CREATE TABLE IF NOT EXISTS "cosmetics_manufacturer" ("id" integer NOT NULL PRIMARY KEY, "name" varchar(200) NOT NULL);
INSERT INTO "cosmetics_manufacturer" VALUES(1,'Maybelline');
INSERT INTO "cosmetics_manufacturer" VALUES(2,'L''Oréal Paris');
INSERT INTO "cosmetics_manufacturer" VALUES(3,'NYX Professional Makeup');
INSERT INTO "cosmetics_manufacturer" VALUES(4,'Rimmel');
INSERT INTO "cosmetics_manufacturer" VALUES(5,'Bourjois');
INSERT INTO "cosmetics_manufacturer" VALUES(6,'Makeup Revolution');
INSERT INTO "cosmetics_manufacturer" VALUES(7,'Bioderma');
INSERT INTO "cosmetics_manufacturer" VALUES(8,'La Roche-Posay');
INSERT INTO "cosmetics_manufacturer" VALUES(9,'Estée Lauder');
INSERT INTO "cosmetics_manufacturer" VALUES(10,'Clinique');
CREATE UNIQUE INDEX "django_content_type_app_label_model_76bd3d3b_uniq" ON "django_content_type" ("app_label", "model");
CREATE UNIQUE INDEX "auth_group_permissions_group_id_permission_id_0cd325b0_uniq" ON "auth_group_permissions" ("group_id", "permission_id");
CREATE INDEX IF NOT EXISTS "auth_group_permissions_group_id_b120cbf9" ON "auth_group_permissions" ("group_id");
CREATE INDEX IF NOT EXISTS "auth_group_permissions_permission_id_84c5c92e" ON "auth_group_permissions" ("permission_id");
CREATE UNIQUE INDEX "auth_permission_content_type_id_codename_01ab375a_uniq" ON "auth_permission" ("content_type_id", "codename");
CREATE INDEX IF NOT EXISTS "auth_permission_content_type_id_2f476e4b" ON "auth_permission" ("content_type_id");
CREATE UNIQUE INDEX "cosmetics_client_groups_client_id_group_id_7a24cb08_uniq" ON "cosmetics_client_groups" ("client_id", "group_id");
CREATE INDEX IF NOT EXISTS "cosmetics_client_groups_client_id_bd105a36" ON "cosmetics_client_groups" ("client_id");
CREATE INDEX IF NOT EXISTS "cosmetics_client_groups_group_id_b362887d" ON "cosmetics_client_groups" ("group_id");
CREATE UNIQUE INDEX "cosmetics_client_user_permissions_client_id_permission_id_ad016a5e_uniq" ON "cosmetics_client_user_permissions" ("client_id", "permission_id");
CREATE INDEX IF NOT EXISTS "cosmetics_client_user_permissions_client_id_9180c2c7" ON "cosmetics_client_user_permissions" ("client_id");
CREATE INDEX IF NOT EXISTS "cosmetics_client_user_permissions_permission_id_72b59bee" ON "cosmetics_client_user_permissions" ("permission_id");
CREATE INDEX IF NOT EXISTS "cosmetics_subcategory_category_id_31439722" ON "cosmetics_subcategory" ("category_id");
CREATE INDEX IF NOT EXISTS "cosmetics_product_category_id_994d511a" ON "cosmetics_product" ("category_id");
CREATE INDEX IF NOT EXISTS "cosmetics_product_manufacturer_id_bfb1c733" ON "cosmetics_product" ("manufacturer_id");
CREATE INDEX IF NOT EXISTS "cosmetics_product_subcategory_id_bba80b71" ON "cosmetics_product" ("subcategory_id");
CREATE INDEX IF NOT EXISTS "cosmetics_order_client_id_fa5db577" ON "cosmetics_order" ("client_id");
CREATE UNIQUE INDEX "cosmetics_order_carts_order_id_cart_id_49c2409d_uniq" ON "cosmetics_order_carts" ("order_id", "cart_id");
CREATE INDEX IF NOT EXISTS "cosmetics_order_carts_order_id_d8627eff" ON "cosmetics_order_carts" ("order_id");
CREATE INDEX IF NOT EXISTS "cosmetics_order_carts_cart_id_b223b64f" ON "cosmetics_order_carts" ("cart_id");
CREATE INDEX IF NOT EXISTS "cosmetics_cart_client_id_abcb6bc1" ON "cosmetics_cart" ("client_id");
CREATE INDEX IF NOT EXISTS "cosmetics_cart_product_id_37f2ca93" ON "cosmetics_cart" ("product_id");
CREATE INDEX IF NOT EXISTS "django_admin_log_content_type_id_c4bce8eb" ON "django_admin_log" ("content_type_id");
CREATE INDEX IF NOT EXISTS "django_admin_log_user_id_c564eba6" ON "django_admin_log" ("user_id");
CREATE INDEX IF NOT EXISTS "django_session_expire_date_a5c62663" ON "django_session" ("expire_date");
CREATE TABLE IF NOT EXISTS "cosmetics_order" ("id" integer NOT NULL PRIMARY KEY AUTOINCREMENT, "start_date" datetime NOT NULL, "ordered_date" datetime NULL, "ordered" bool NOT NULL, "status" varchar(20) NOT NULL, "street" varchar(100) NOT NULL, "city" varchar(100) NOT NULL, "country" varchar(100) NOT NULL, "zip_code" varchar(100) NOT NULL, "client_id" bigint NOT NULL REFERENCES "cosmetics_client" ("id") DEFERRABLE INITIALLY DEFERRED);
INSERT INTO "cosmetics_order" VALUES(1,'2024-01-08 18:13:48.201741','2024-01-08 18:15:17.189154+00:00',1,'PR','Bulevardul Valea Lupului, Bloc 42, Ap. 62, Ap. 90','Târgu Mureș','Romania','709807',1);
INSERT INTO "cosmetics_order" VALUES(2,'2024-01-08 18:15:38.590610','2024-05-08 18:16:18.001827+00:00',1,'PR','Intrarea Sacele, Bloc 72, Ap. 13, Ap. 254','Sebeș','Romania','060287',1);
INSERT INTO "cosmetics_order" VALUES(3,'2024-01-08 18:16:24.595871','2024-03-03 18:17:25.570840+00:00',1,'PR','Intrarea Complexului, Bloc 32, Ap. 05','Cajvana','Romania','412028',1);
INSERT INTO "cosmetics_order" VALUES(4,'2024-01-08 18:17:30.173418','2024-01-09 18:18:00.699368+00:00',1,'PR','Aleea Sergent Turturica, Bloc 99, Ap. 30, Ap. 47','Fundulea','Romania','212634',1);
INSERT INTO "cosmetics_order" VALUES(5,'2024-01-08 18:18:09.307834','2024-01-02 18:18:54.356185+00:00',1,'FI','Bulevardul Barometrului, Bloc 04, Ap. 87, Ap. 038','Constanta','Romania','140957',1);
INSERT INTO "cosmetics_order" VALUES(6,'2024-01-08 18:19:32.803783','2024-01-03 18:20:01.918575+00:00',1,'FI','Aleea Gheorghe Duca, Bloc 12, Ap. 467, Ap. 78','Râmnicu Sărat','Romania','159753',2);
INSERT INTO "cosmetics_order" VALUES(7,'2024-01-08 18:20:06.560359','2024-01-04 18:20:33.695041+00:00',1,'FI','Intrarea Garnitei, Bloc 25, Ap. 866, Ap. 290','Fierbinți-Târg','Romania','763759',2);
INSERT INTO "cosmetics_order" VALUES(8,'2024-01-08 18:20:53.029615','2024-04-07 18:21:28.563588+00:00',1,'PR','Aleea Voicesti, Bloc 03, Ap. 85, Ap. 29','Teleorman','Romania','535888',3);
INSERT INTO "cosmetics_order" VALUES(9,'2024-01-08 18:21:36.328976','2024-03-04 18:22:20.797122+00:00',1,'PR','Bulevardul Preluca, Bloc 41, Ap. 618, Ap. 19','Huși','Romania','008031',3);
INSERT INTO "cosmetics_order" VALUES(10,'2024-01-08 18:22:33.829744','2024-02-07 18:23:12.919808+00:00',1,'PR','Intrarea Sergent Major Drag Marin, Bloc 91, Ap. 11','Câmpina','Romania','690431',3);
CREATE UNIQUE INDEX "django_content_type_app_label_model_76bd3d3b_uniq" ON "django_content_type" ("app_label", "model");
CREATE UNIQUE INDEX "auth_group_permissions_group_id_permission_id_0cd325b0_uniq" ON "auth_group_permissions" ("group_id", "permission_id");
CREATE INDEX IF NOT EXISTS "auth_group_permissions_group_id_b120cbf9" ON "auth_group_permissions" ("group_id");
CREATE INDEX IF NOT EXISTS "auth_group_permissions_permission_id_84c5c92e" ON "auth_group_permissions" ("permission_id");
CREATE UNIQUE INDEX "auth_permission_content_type_id_codename_01ab375a_uniq" ON "auth_permission" ("content_type_id", "codename");
CREATE INDEX IF NOT EXISTS "auth_permission_content_type_id_2f476e4b" ON "auth_permission" ("content_type_id");
CREATE UNIQUE INDEX "cosmetics_client_groups_client_id_group_id_7a24cb08_uniq" ON "cosmetics_client_groups" ("client_id", "group_id");
CREATE INDEX IF NOT EXISTS "cosmetics_client_groups_client_id_bd105a36" ON "cosmetics_client_groups" ("client_id");
CREATE INDEX IF NOT EXISTS "cosmetics_client_groups_group_id_b362887d" ON "cosmetics_client_groups" ("group_id");
CREATE UNIQUE INDEX "cosmetics_client_user_permissions_client_id_permission_id_ad016a5e_uniq" ON "cosmetics_client_user_permissions" ("client_id", "permission_id");
CREATE INDEX IF NOT EXISTS "cosmetics_client_user_permissions_client_id_9180c2c7" ON "cosmetics_client_user_permissions" ("client_id");
CREATE INDEX IF NOT EXISTS "cosmetics_client_user_permissions_permission_id_72b59bee" ON "cosmetics_client_user_permissions" ("permission_id");
CREATE INDEX IF NOT EXISTS "cosmetics_subcategory_category_id_31439722" ON "cosmetics_subcategory" ("category_id");
CREATE INDEX IF NOT EXISTS "cosmetics_product_category_id_994d511a" ON "cosmetics_product" ("category_id");
CREATE INDEX IF NOT EXISTS "cosmetics_product_manufacturer_id_bfb1c733" ON "cosmetics_product" ("manufacturer_id");
CREATE INDEX IF NOT EXISTS "cosmetics_product_subcategory_id_bba80b71" ON "cosmetics_product" ("subcategory_id");
CREATE INDEX IF NOT EXISTS "cosmetics_order_client_id_fa5db577" ON "cosmetics_order" ("client_id");
CREATE UNIQUE INDEX "cosmetics_order_carts_order_id_cart_id_49c2409d_uniq" ON "cosmetics_order_carts" ("order_id", "cart_id");
CREATE INDEX IF NOT EXISTS "cosmetics_order_carts_order_id_d8627eff" ON "cosmetics_order_carts" ("order_id");
CREATE INDEX IF NOT EXISTS "cosmetics_order_carts_cart_id_b223b64f" ON "cosmetics_order_carts" ("cart_id");
CREATE INDEX IF NOT EXISTS "cosmetics_cart_client_id_abcb6bc1" ON "cosmetics_cart" ("client_id");
CREATE INDEX IF NOT EXISTS "cosmetics_cart_product_id_37f2ca93" ON "cosmetics_cart" ("product_id");
CREATE INDEX IF NOT EXISTS "django_admin_log_content_type_id_c4bce8eb" ON "django_admin_log" ("content_type_id");
CREATE INDEX IF NOT EXISTS "django_admin_log_user_id_c564eba6" ON "django_admin_log" ("user_id");
CREATE INDEX IF NOT EXISTS "django_session_expire_date_a5c62663" ON "django_session" ("expire_date");
CREATE TABLE IF NOT EXISTS "cosmetics_order_carts" ("id" integer NOT NULL PRIMARY KEY AUTOINCREMENT, "order_id" bigint NOT NULL, "cart_id" bigint NOT NULL);
INSERT INTO "cosmetics_order_carts" VALUES(1,1,1);
INSERT INTO "cosmetics_order_carts" VALUES(2,1,2);
INSERT INTO "cosmetics_order_carts" VALUES(3,2,3);
INSERT INTO "cosmetics_order_carts" VALUES(4,2,4);
INSERT INTO "cosmetics_order_carts" VALUES(5,3,5);
INSERT INTO "cosmetics_order_carts" VALUES(6,3,6);
INSERT INTO "cosmetics_order_carts" VALUES(7,4,7);
INSERT INTO "cosmetics_order_carts" VALUES(8,4,8);
INSERT INTO "cosmetics_order_carts" VALUES(9,5,9);
INSERT INTO "cosmetics_order_carts" VALUES(10,5,10);
INSERT INTO "cosmetics_order_carts" VALUES(11,5,11);
INSERT INTO "cosmetics_order_carts" VALUES(12,6,12);
INSERT INTO "cosmetics_order_carts" VALUES(13,6,13);
INSERT INTO "cosmetics_order_carts" VALUES(14,7,14);
INSERT INTO "cosmetics_order_carts" VALUES(15,8,15);
INSERT INTO "cosmetics_order_carts" VALUES(16,9,16);
INSERT INTO "cosmetics_order_carts" VALUES(17,9,17);
INSERT INTO "cosmetics_order_carts" VALUES(18,9,18);
INSERT INTO "cosmetics_order_carts" VALUES(19,9,19);
INSERT INTO "cosmetics_order_carts" VALUES(20,9,20);
INSERT INTO "cosmetics_order_carts" VALUES(21,9,21);
INSERT INTO "cosmetics_order_carts" VALUES(22,10,22);
INSERT INTO "cosmetics_order_carts" VALUES(23,10,23);
INSERT INTO "cosmetics_order_carts" VALUES(24,10,24);
INSERT INTO "cosmetics_order_carts" VALUES(25,10,25);
CREATE UNIQUE INDEX "django_content_type_app_label_model_76bd3d3b_uniq" ON "django_content_type" ("app_label", "model");
CREATE UNIQUE INDEX "auth_group_permissions_group_id_permission_id_0cd325b0_uniq" ON "auth_group_permissions" ("group_id", "permission_id");
CREATE INDEX IF NOT EXISTS "auth_group_permissions_group_id_b120cbf9" ON "auth_group_permissions" ("group_id");
CREATE INDEX IF NOT EXISTS "auth_group_permissions_permission_id_84c5c92e" ON "auth_group_permissions" ("permission_id");
CREATE UNIQUE INDEX "auth_permission_content_type_id_codename_01ab375a_uniq" ON "auth_permission" ("content_type_id", "codename");
CREATE INDEX IF NOT EXISTS "auth_permission_content_type_id_2f476e4b" ON "auth_permission" ("content_type_id");
CREATE UNIQUE INDEX "cosmetics_client_groups_client_id_group_id_7a24cb08_uniq" ON "cosmetics_client_groups" ("client_id", "group_id");
CREATE INDEX IF NOT EXISTS "cosmetics_client_groups_client_id_bd105a36" ON "cosmetics_client_groups" ("client_id");
CREATE INDEX IF NOT EXISTS "cosmetics_client_groups_group_id_b362887d" ON "cosmetics_client_groups" ("group_id");
CREATE UNIQUE INDEX "cosmetics_client_user_permissions_client_id_permission_id_ad016a5e_uniq" ON "cosmetics_client_user_permissions" ("client_id", "permission_id");
CREATE INDEX IF NOT EXISTS "cosmetics_client_user_permissions_client_id_9180c2c7" ON "cosmetics_client_user_permissions" ("client_id");
CREATE INDEX IF NOT EXISTS "cosmetics_client_user_permissions_permission_id_72b59bee" ON "cosmetics_client_user_permissions" ("permission_id");
CREATE INDEX IF NOT EXISTS "cosmetics_subcategory_category_id_31439722" ON "cosmetics_subcategory" ("category_id");
CREATE INDEX IF NOT EXISTS "cosmetics_product_category_id_994d511a" ON "cosmetics_product" ("category_id");
CREATE INDEX IF NOT EXISTS "cosmetics_product_manufacturer_id_bfb1c733" ON "cosmetics_product" ("manufacturer_id");
CREATE INDEX IF NOT EXISTS "cosmetics_product_subcategory_id_bba80b71" ON "cosmetics_product" ("subcategory_id");
CREATE INDEX IF NOT EXISTS "cosmetics_order_client_id_fa5db577" ON "cosmetics_order" ("client_id");
CREATE UNIQUE INDEX "cosmetics_order_carts_order_id_cart_id_49c2409d_uniq" ON "cosmetics_order_carts" ("order_id", "cart_id");
CREATE INDEX IF NOT EXISTS "cosmetics_order_carts_order_id_d8627eff" ON "cosmetics_order_carts" ("order_id");
CREATE INDEX IF NOT EXISTS "cosmetics_order_carts_cart_id_b223b64f" ON "cosmetics_order_carts" ("cart_id");
CREATE INDEX IF NOT EXISTS "cosmetics_cart_client_id_abcb6bc1" ON "cosmetics_cart" ("client_id");
CREATE INDEX IF NOT EXISTS "cosmetics_cart_product_id_37f2ca93" ON "cosmetics_cart" ("product_id");
CREATE INDEX IF NOT EXISTS "django_admin_log_content_type_id_c4bce8eb" ON "django_admin_log" ("content_type_id");
CREATE INDEX IF NOT EXISTS "django_admin_log_user_id_c564eba6" ON "django_admin_log" ("user_id");
CREATE INDEX IF NOT EXISTS "django_session_expire_date_a5c62663" ON "django_session" ("expire_date");
CREATE TABLE IF NOT EXISTS "cosmetics_product" ("id" integer NOT NULL PRIMARY KEY AUTOINCREMENT, "name" varchar(200) NOT NULL UNIQUE, "description" varchar(200) NOT NULL, "price" real NOT NULL, "quantity" integer unsigned NOT NULL CHECK ("quantity" >= 0), "icon" varchar(100) NOT NULL, "category_id" integer NOT NULL REFERENCES "cosmetics_category" ("id") DEFERRABLE INITIALLY DEFERRED, "manufacturer_id" integer NOT NULL REFERENCES "cosmetics_manufacturer" ("id") DEFERRABLE INITIALLY DEFERRED, "subcategory_id" integer NOT NULL REFERENCES "cosmetics_subcategory" ("id") DEFERRABLE INITIALLY DEFERRED);
INSERT INTO "cosmetics_product" VALUES(1,'Maybelline SuperStay Active Wear','Bucurați-vă de un machiaj rezistent chiar și în cele mai active zile. Cu fondul de ten Maybelline SuperStay Active Wear nu este nevoie să vă faceți griji în ceea ce privește refacerea machiajului pe p',57.0,100,'product/product-1.jpg',3,1,1);
INSERT INTO "cosmetics_product" VALUES(2,'Maybelline Instant Anti Age Eraser','Pentru un look proaspăt și strălucitor, instantaneu. Corectorul lichid Maybelline Age Rewind camuflează eficient cearcănele, iluminând vizibil zona din jurul ochilor.',55.0,50,'product/product-2.jpg',3,1,1);
INSERT INTO "cosmetics_product" VALUES(3,'Maybelline SuperStay Matte Ink','Răsfățați-vă buzele cu o culoare super intensă, care rezistă chiar și 16 ore! Rujul mat lichid Maybelline SuperStay Matte Ink™ colorează buzele în nuanțe saturate, cu un finisaj de catifea mată. Inten',47.0,99,'product/product-3.jpg',3,1,2);
INSERT INTO "cosmetics_product" VALUES(4,'NYX Professional Makeup Lift&Snatch Brow Tint Pen','Sprâncene perfect definite cu aspect natural și o rezistență îndelungată. Creionul de sprâncene NYX Professional Makeup Lift&Snatch Brow Tint Pen este produsul potrivit pentru umplerea și definirea sp',75.0,69,'product/product-4.jpg',3,3,3);
INSERT INTO "cosmetics_product" VALUES(5,'Bourjois Eye Catching','Descoperiți paleta ideală pentru a crea un machiaj natural al ochilor, Bourjois Eye Catching Palette! Conține 8 nuanțe nud în diferite finisaje: satinate, ultra perlate, strălucitoare și mate. Oglinda',54.0,78,'product/product-5.jpg',3,5,4);
INSERT INTO "cosmetics_product" VALUES(6,'NYX Professional Makeup Can''t Stop Won''t Stop Mattifying Powder','Păstrați forma impecabilă a machiajului pe tot parcursul zilei cu ajutorul unei pudre de fixare și netezire. NYX Professional Makeup Can''t Stop Won''t Stop Mattifying Powder este disponibilă în mai mul',59.0,44,'product/product-6.jpg',3,3,1);
INSERT INTO "cosmetics_product" VALUES(7,'Bioderma Sensibio H2O','Brandul Bioderma a venit primul cu ideea curățării tenului folosind tehnologia micelară. Apa micelară de curățare Bioderma Sensibio H2O a fost dezvoltată în colaborare cu dermatologii și conține un co',83.0,25,'product/product-7.jpg',4,7,1);
INSERT INTO "cosmetics_product" VALUES(8,'Clinique 3-Step Skin Care Kit Skin Type 2','Totul pentru un ten frumos, într-un singur pachet. Setul de cosmetice Clinique 3-Step Skin Care Kit Skin Type 2 vă răsfață tenul sau va aduce bucurie celor dragi, dacă îl oferiți cadou.',70.0,63,'product/product-8.jpg',4,10,6);
INSERT INTO "cosmetics_product" VALUES(9,'DIOR Miss Dior Rose N''Roses','Pentru Miss Dior Rose N’Roses, François Demachy a creat un trandafir cu o latura florala luminoasa si un caracter puternic. Miss Dior Rose N''Roses te transporta intr-o clipa in mijlocul unui camp acop',560.0,64,'product/product-9.jpg',6,8,9);
INSERT INTO "cosmetics_product" VALUES(10,'HERMÈS Twilly d’Hermès Eau Poivrée','Spiritul picant al fetelor Hermes; Un parfum colorat in nuante de baca roz vibranta, trandafir delicat si patchouli distins. Condimentat, floral, lemnos. "Fetele Hermes joaca impotriva curentului, imp',527.0,54,'product/product-10.jpg',6,9,9);
CREATE UNIQUE INDEX "django_content_type_app_label_model_76bd3d3b_uniq" ON "django_content_type" ("app_label", "model");
CREATE UNIQUE INDEX "auth_group_permissions_group_id_permission_id_0cd325b0_uniq" ON "auth_group_permissions" ("group_id", "permission_id");
CREATE INDEX IF NOT EXISTS "auth_group_permissions_group_id_b120cbf9" ON "auth_group_permissions" ("group_id");
CREATE INDEX IF NOT EXISTS "auth_group_permissions_permission_id_84c5c92e" ON "auth_group_permissions" ("permission_id");
CREATE UNIQUE INDEX "auth_permission_content_type_id_codename_01ab375a_uniq" ON "auth_permission" ("content_type_id", "codename");
CREATE INDEX IF NOT EXISTS "auth_permission_content_type_id_2f476e4b" ON "auth_permission" ("content_type_id");
CREATE UNIQUE INDEX "cosmetics_client_groups_client_id_group_id_7a24cb08_uniq" ON "cosmetics_client_groups" ("client_id", "group_id");
CREATE INDEX IF NOT EXISTS "cosmetics_client_groups_client_id_bd105a36" ON "cosmetics_client_groups" ("client_id");
CREATE INDEX IF NOT EXISTS "cosmetics_client_groups_group_id_b362887d" ON "cosmetics_client_groups" ("group_id");
CREATE UNIQUE INDEX "cosmetics_client_user_permissions_client_id_permission_id_ad016a5e_uniq" ON "cosmetics_client_user_permissions" ("client_id", "permission_id");
CREATE INDEX IF NOT EXISTS "cosmetics_client_user_permissions_client_id_9180c2c7" ON "cosmetics_client_user_permissions" ("client_id");
CREATE INDEX IF NOT EXISTS "cosmetics_client_user_permissions_permission_id_72b59bee" ON "cosmetics_client_user_permissions" ("permission_id");
CREATE INDEX IF NOT EXISTS "cosmetics_subcategory_category_id_31439722" ON "cosmetics_subcategory" ("category_id");
CREATE INDEX IF NOT EXISTS "cosmetics_product_category_id_994d511a" ON "cosmetics_product" ("category_id");
CREATE INDEX IF NOT EXISTS "cosmetics_product_manufacturer_id_bfb1c733" ON "cosmetics_product" ("manufacturer_id");
CREATE INDEX IF NOT EXISTS "cosmetics_product_subcategory_id_bba80b71" ON "cosmetics_product" ("subcategory_id");
CREATE INDEX IF NOT EXISTS "cosmetics_order_client_id_fa5db577" ON "cosmetics_order" ("client_id");
CREATE UNIQUE INDEX "cosmetics_order_carts_order_id_cart_id_49c2409d_uniq" ON "cosmetics_order_carts" ("order_id", "cart_id");
CREATE INDEX IF NOT EXISTS "cosmetics_order_carts_order_id_d8627eff" ON "cosmetics_order_carts" ("order_id");
CREATE INDEX IF NOT EXISTS "cosmetics_order_carts_cart_id_b223b64f" ON "cosmetics_order_carts" ("cart_id");
CREATE INDEX IF NOT EXISTS "cosmetics_cart_client_id_abcb6bc1" ON "cosmetics_cart" ("client_id");
CREATE INDEX IF NOT EXISTS "cosmetics_cart_product_id_37f2ca93" ON "cosmetics_cart" ("product_id");
CREATE INDEX IF NOT EXISTS "django_admin_log_content_type_id_c4bce8eb" ON "django_admin_log" ("content_type_id");
CREATE INDEX IF NOT EXISTS "django_admin_log_user_id_c564eba6" ON "django_admin_log" ("user_id");
CREATE INDEX IF NOT EXISTS "django_session_expire_date_a5c62663" ON "django_session" ("expire_date");
CREATE TABLE IF NOT EXISTS "cosmetics_subcategory" ("id" integer NOT NULL PRIMARY KEY, "name" varchar(200) NOT NULL, "category_id" integer NOT NULL REFERENCES "cosmetics_category" ("id") DEFERRABLE INITIALLY DEFERRED);
INSERT INTO "cosmetics_subcategory" VALUES(1,'Face',3);
INSERT INTO "cosmetics_subcategory" VALUES(2,'Lips',3);
INSERT INTO "cosmetics_subcategory" VALUES(3,'Browns',3);
INSERT INTO "cosmetics_subcategory" VALUES(4,'Eyes',3);
INSERT INTO "cosmetics_subcategory" VALUES(5,'Creams',4);
INSERT INTO "cosmetics_subcategory" VALUES(6,'Care Sets',4);
INSERT INTO "cosmetics_subcategory" VALUES(7,'Shampoo',5);
INSERT INTO "cosmetics_subcategory" VALUES(8,'Conditioner',5);
INSERT INTO "cosmetics_subcategory" VALUES(9,'Perfume for her',6);
CREATE UNIQUE INDEX "django_content_type_app_label_model_76bd3d3b_uniq" ON "django_content_type" ("app_label", "model");
CREATE UNIQUE INDEX "auth_group_permissions_group_id_permission_id_0cd325b0_uniq" ON "auth_group_permissions" ("group_id", "permission_id");
CREATE INDEX IF NOT EXISTS "auth_group_permissions_group_id_b120cbf9" ON "auth_group_permissions" ("group_id");
CREATE INDEX IF NOT EXISTS "auth_group_permissions_permission_id_84c5c92e" ON "auth_group_permissions" ("permission_id");
CREATE UNIQUE INDEX "auth_permission_content_type_id_codename_01ab375a_uniq" ON "auth_permission" ("content_type_id", "codename");
CREATE INDEX IF NOT EXISTS "auth_permission_content_type_id_2f476e4b" ON "auth_permission" ("content_type_id");
CREATE UNIQUE INDEX "cosmetics_client_groups_client_id_group_id_7a24cb08_uniq" ON "cosmetics_client_groups" ("client_id", "group_id");
CREATE INDEX IF NOT EXISTS "cosmetics_client_groups_client_id_bd105a36" ON "cosmetics_client_groups" ("client_id");
CREATE INDEX IF NOT EXISTS "cosmetics_client_groups_group_id_b362887d" ON "cosmetics_client_groups" ("group_id");
CREATE UNIQUE INDEX "cosmetics_client_user_permissions_client_id_permission_id_ad016a5e_uniq" ON "cosmetics_client_user_permissions" ("client_id", "permission_id");
CREATE INDEX IF NOT EXISTS "cosmetics_client_user_permissions_client_id_9180c2c7" ON "cosmetics_client_user_permissions" ("client_id");
CREATE INDEX IF NOT EXISTS "cosmetics_client_user_permissions_permission_id_72b59bee" ON "cosmetics_client_user_permissions" ("permission_id");
CREATE INDEX IF NOT EXISTS "cosmetics_subcategory_category_id_31439722" ON "cosmetics_subcategory" ("category_id");
CREATE INDEX IF NOT EXISTS "cosmetics_product_category_id_994d511a" ON "cosmetics_product" ("category_id");
CREATE INDEX IF NOT EXISTS "cosmetics_product_manufacturer_id_bfb1c733" ON "cosmetics_product" ("manufacturer_id");
CREATE INDEX IF NOT EXISTS "cosmetics_product_subcategory_id_bba80b71" ON "cosmetics_product" ("subcategory_id");
CREATE INDEX IF NOT EXISTS "cosmetics_order_client_id_fa5db577" ON "cosmetics_order" ("client_id");
CREATE UNIQUE INDEX "cosmetics_order_carts_order_id_cart_id_49c2409d_uniq" ON "cosmetics_order_carts" ("order_id", "cart_id");
CREATE INDEX IF NOT EXISTS "cosmetics_order_carts_order_id_d8627eff" ON "cosmetics_order_carts" ("order_id");
CREATE INDEX IF NOT EXISTS "cosmetics_order_carts_cart_id_b223b64f" ON "cosmetics_order_carts" ("cart_id");
CREATE INDEX IF NOT EXISTS "cosmetics_cart_client_id_abcb6bc1" ON "cosmetics_cart" ("client_id");
CREATE INDEX IF NOT EXISTS "cosmetics_cart_product_id_37f2ca93" ON "cosmetics_cart" ("product_id");
CREATE INDEX IF NOT EXISTS "django_admin_log_content_type_id_c4bce8eb" ON "django_admin_log" ("content_type_id");
CREATE INDEX IF NOT EXISTS "django_admin_log_user_id_c564eba6" ON "django_admin_log" ("user_id");
CREATE INDEX IF NOT EXISTS "django_session_expire_date_a5c62663" ON "django_session" ("expire_date");
CREATE TABLE IF NOT EXISTS "django_admin_log" ("id" integer NOT NULL PRIMARY KEY AUTOINCREMENT, "object_id" text NULL, "object_repr" varchar(200) NOT NULL, "action_flag" smallint unsigned NOT NULL CHECK ("action_flag" >= 0), "change_message" text NOT NULL, "content_type_id" integer NULL REFERENCES "django_content_type" ("id") DEFERRABLE INITIALLY DEFERRED, "user_id" bigint NOT NULL REFERENCES "cosmetics_client" ("id") DEFERRABLE INITIALLY DEFERRED, "action_time" datetime NOT NULL);
INSERT INTO "django_admin_log" VALUES(1,'2','Make-up',3,'',8,1,'2024-01-08 17:44:23.310488');
CREATE UNIQUE INDEX "django_content_type_app_label_model_76bd3d3b_uniq" ON "django_content_type" ("app_label", "model");
CREATE UNIQUE INDEX "auth_group_permissions_group_id_permission_id_0cd325b0_uniq" ON "auth_group_permissions" ("group_id", "permission_id");
CREATE INDEX IF NOT EXISTS "auth_group_permissions_group_id_b120cbf9" ON "auth_group_permissions" ("group_id");
CREATE INDEX IF NOT EXISTS "auth_group_permissions_permission_id_84c5c92e" ON "auth_group_permissions" ("permission_id");
CREATE UNIQUE INDEX "auth_permission_content_type_id_codename_01ab375a_uniq" ON "auth_permission" ("content_type_id", "codename");
CREATE INDEX IF NOT EXISTS "auth_permission_content_type_id_2f476e4b" ON "auth_permission" ("content_type_id");
CREATE UNIQUE INDEX "cosmetics_client_groups_client_id_group_id_7a24cb08_uniq" ON "cosmetics_client_groups" ("client_id", "group_id");
CREATE INDEX IF NOT EXISTS "cosmetics_client_groups_client_id_bd105a36" ON "cosmetics_client_groups" ("client_id");
CREATE INDEX IF NOT EXISTS "cosmetics_client_groups_group_id_b362887d" ON "cosmetics_client_groups" ("group_id");
CREATE UNIQUE INDEX "cosmetics_client_user_permissions_client_id_permission_id_ad016a5e_uniq" ON "cosmetics_client_user_permissions" ("client_id", "permission_id");
CREATE INDEX IF NOT EXISTS "cosmetics_client_user_permissions_client_id_9180c2c7" ON "cosmetics_client_user_permissions" ("client_id");
CREATE INDEX IF NOT EXISTS "cosmetics_client_user_permissions_permission_id_72b59bee" ON "cosmetics_client_user_permissions" ("permission_id");
CREATE INDEX IF NOT EXISTS "cosmetics_subcategory_category_id_31439722" ON "cosmetics_subcategory" ("category_id");
CREATE INDEX IF NOT EXISTS "cosmetics_product_category_id_994d511a" ON "cosmetics_product" ("category_id");
CREATE INDEX IF NOT EXISTS "cosmetics_product_manufacturer_id_bfb1c733" ON "cosmetics_product" ("manufacturer_id");
CREATE INDEX IF NOT EXISTS "cosmetics_product_subcategory_id_bba80b71" ON "cosmetics_product" ("subcategory_id");
CREATE INDEX IF NOT EXISTS "cosmetics_order_client_id_fa5db577" ON "cosmetics_order" ("client_id");
CREATE UNIQUE INDEX "cosmetics_order_carts_order_id_cart_id_49c2409d_uniq" ON "cosmetics_order_carts" ("order_id", "cart_id");
CREATE INDEX IF NOT EXISTS "cosmetics_order_carts_order_id_d8627eff" ON "cosmetics_order_carts" ("order_id");
CREATE INDEX IF NOT EXISTS "cosmetics_order_carts_cart_id_b223b64f" ON "cosmetics_order_carts" ("cart_id");
CREATE INDEX IF NOT EXISTS "cosmetics_cart_client_id_abcb6bc1" ON "cosmetics_cart" ("client_id");
CREATE INDEX IF NOT EXISTS "cosmetics_cart_product_id_37f2ca93" ON "cosmetics_cart" ("product_id");
CREATE INDEX IF NOT EXISTS "django_admin_log_content_type_id_c4bce8eb" ON "django_admin_log" ("content_type_id");
CREATE INDEX IF NOT EXISTS "django_admin_log_user_id_c564eba6" ON "django_admin_log" ("user_id");
CREATE INDEX IF NOT EXISTS "django_session_expire_date_a5c62663" ON "django_session" ("expire_date");
CREATE TABLE IF NOT EXISTS "django_content_type" ("id" integer NOT NULL PRIMARY KEY AUTOINCREMENT, "app_label" varchar(100) NOT NULL, "model" varchar(100) NOT NULL);
INSERT INTO "django_content_type" VALUES(1,'admin','logentry');
INSERT INTO "django_content_type" VALUES(2,'auth','permission');
INSERT INTO "django_content_type" VALUES(3,'auth','group');
INSERT INTO "django_content_type" VALUES(4,'contenttypes','contenttype');
INSERT INTO "django_content_type" VALUES(5,'sessions','session');
INSERT INTO "django_content_type" VALUES(6,'cosmetics','client');
INSERT INTO "django_content_type" VALUES(7,'cosmetics','cart');
INSERT INTO "django_content_type" VALUES(8,'cosmetics','category');
INSERT INTO "django_content_type" VALUES(9,'cosmetics','manufacturer');
INSERT INTO "django_content_type" VALUES(10,'cosmetics','subcategory');
INSERT INTO "django_content_type" VALUES(11,'cosmetics','product');
INSERT INTO "django_content_type" VALUES(12,'cosmetics','order');
CREATE UNIQUE INDEX "django_content_type_app_label_model_76bd3d3b_uniq" ON "django_content_type" ("app_label", "model");
CREATE UNIQUE INDEX "auth_group_permissions_group_id_permission_id_0cd325b0_uniq" ON "auth_group_permissions" ("group_id", "permission_id");
CREATE INDEX IF NOT EXISTS "auth_group_permissions_group_id_b120cbf9" ON "auth_group_permissions" ("group_id");
CREATE INDEX IF NOT EXISTS "auth_group_permissions_permission_id_84c5c92e" ON "auth_group_permissions" ("permission_id");
CREATE UNIQUE INDEX "auth_permission_content_type_id_codename_01ab375a_uniq" ON "auth_permission" ("content_type_id", "codename");
CREATE INDEX IF NOT EXISTS "auth_permission_content_type_id_2f476e4b" ON "auth_permission" ("content_type_id");
CREATE UNIQUE INDEX "cosmetics_client_groups_client_id_group_id_7a24cb08_uniq" ON "cosmetics_client_groups" ("client_id", "group_id");
CREATE INDEX IF NOT EXISTS "cosmetics_client_groups_client_id_bd105a36" ON "cosmetics_client_groups" ("client_id");
CREATE INDEX IF NOT EXISTS "cosmetics_client_groups_group_id_b362887d" ON "cosmetics_client_groups" ("group_id");
CREATE UNIQUE INDEX "cosmetics_client_user_permissions_client_id_permission_id_ad016a5e_uniq" ON "cosmetics_client_user_permissions" ("client_id", "permission_id");
CREATE INDEX IF NOT EXISTS "cosmetics_client_user_permissions_client_id_9180c2c7" ON "cosmetics_client_user_permissions" ("client_id");
CREATE INDEX IF NOT EXISTS "cosmetics_client_user_permissions_permission_id_72b59bee" ON "cosmetics_client_user_permissions" ("permission_id");
CREATE INDEX IF NOT EXISTS "cosmetics_subcategory_category_id_31439722" ON "cosmetics_subcategory" ("category_id");
CREATE INDEX IF NOT EXISTS "cosmetics_product_category_id_994d511a" ON "cosmetics_product" ("category_id");
CREATE INDEX IF NOT EXISTS "cosmetics_product_manufacturer_id_bfb1c733" ON "cosmetics_product" ("manufacturer_id");
CREATE INDEX IF NOT EXISTS "cosmetics_product_subcategory_id_bba80b71" ON "cosmetics_product" ("subcategory_id");
CREATE INDEX IF NOT EXISTS "cosmetics_order_client_id_fa5db577" ON "cosmetics_order" ("client_id");
CREATE UNIQUE INDEX "cosmetics_order_carts_order_id_cart_id_49c2409d_uniq" ON "cosmetics_order_carts" ("order_id", "cart_id");
CREATE INDEX IF NOT EXISTS "cosmetics_order_carts_order_id_d8627eff" ON "cosmetics_order_carts" ("order_id");
CREATE INDEX IF NOT EXISTS "cosmetics_order_carts_cart_id_b223b64f" ON "cosmetics_order_carts" ("cart_id");
CREATE INDEX IF NOT EXISTS "cosmetics_cart_client_id_abcb6bc1" ON "cosmetics_cart" ("client_id");
CREATE INDEX IF NOT EXISTS "cosmetics_cart_product_id_37f2ca93" ON "cosmetics_cart" ("product_id");
CREATE INDEX IF NOT EXISTS "django_admin_log_content_type_id_c4bce8eb" ON "django_admin_log" ("content_type_id");
CREATE INDEX IF NOT EXISTS "django_admin_log_user_id_c564eba6" ON "django_admin_log" ("user_id");
CREATE INDEX IF NOT EXISTS "django_session_expire_date_a5c62663" ON "django_session" ("expire_date");
CREATE TABLE IF NOT EXISTS "django_migrations" ("id" integer NOT NULL PRIMARY KEY AUTOINCREMENT, "app" varchar(255) NOT NULL, "name" varchar(255) NOT NULL, "applied" datetime NOT NULL);
INSERT INTO "django_migrations" VALUES(1,'contenttypes','0001_initial','2024-01-08 17:37:49.277394');
INSERT INTO "django_migrations" VALUES(2,'contenttypes','0002_remove_content_type_name','2024-01-08 17:37:49.288416');
INSERT INTO "django_migrations" VALUES(3,'auth','0001_initial','2024-01-08 17:37:49.307369');
INSERT INTO "django_migrations" VALUES(4,'auth','0002_alter_permission_name_max_length','2024-01-08 17:37:49.319034');
INSERT INTO "django_migrations" VALUES(5,'auth','0003_alter_user_email_max_length','2024-01-08 17:37:49.328560');
INSERT INTO "django_migrations" VALUES(6,'auth','0004_alter_user_username_opts','2024-01-08 17:37:49.337998');
INSERT INTO "django_migrations" VALUES(7,'auth','0005_alter_user_last_login_null','2024-01-08 17:37:49.347691');
INSERT INTO "django_migrations" VALUES(8,'auth','0006_require_contenttypes_0002','2024-01-08 17:37:49.355344');
INSERT INTO "django_migrations" VALUES(9,'auth','0007_alter_validators_add_error_messages','2024-01-08 17:37:49.366298');
INSERT INTO "django_migrations" VALUES(10,'auth','0008_alter_user_username_max_length','2024-01-08 17:37:49.376990');
INSERT INTO "django_migrations" VALUES(11,'auth','0009_alter_user_last_name_max_length','2024-01-08 17:37:49.387373');
INSERT INTO "django_migrations" VALUES(12,'auth','0010_alter_group_name_max_length','2024-01-08 17:37:49.398198');
INSERT INTO "django_migrations" VALUES(13,'auth','0011_update_proxy_permissions','2024-01-08 17:37:49.407937');
INSERT INTO "django_migrations" VALUES(14,'auth','0012_alter_user_first_name_max_length','2024-01-08 17:37:49.417557');
INSERT INTO "django_migrations" VALUES(15,'cosmetics','0001_initial','2024-01-08 17:37:49.443884');
INSERT INTO "django_migrations" VALUES(16,'admin','0001_initial','2024-01-08 17:37:49.465128');
INSERT INTO "django_migrations" VALUES(17,'admin','0002_logentry_remove_auto_add','2024-01-08 17:37:49.478711');
INSERT INTO "django_migrations" VALUES(18,'admin','0003_logentry_add_action_flag_choices','2024-01-08 17:37:49.491609');
INSERT INTO "django_migrations" VALUES(19,'sessions','0001_initial','2024-01-08 17:37:49.509481');
CREATE UNIQUE INDEX "django_content_type_app_label_model_76bd3d3b_uniq" ON "django_content_type" ("app_label", "model");
CREATE UNIQUE INDEX "auth_group_permissions_group_id_permission_id_0cd325b0_uniq" ON "auth_group_permissions" ("group_id", "permission_id");
CREATE INDEX IF NOT EXISTS "auth_group_permissions_group_id_b120cbf9" ON "auth_group_permissions" ("group_id");
CREATE INDEX IF NOT EXISTS "auth_group_permissions_permission_id_84c5c92e" ON "auth_group_permissions" ("permission_id");
CREATE UNIQUE INDEX "auth_permission_content_type_id_codename_01ab375a_uniq" ON "auth_permission" ("content_type_id", "codename");
CREATE INDEX IF NOT EXISTS "auth_permission_content_type_id_2f476e4b" ON "auth_permission" ("content_type_id");
CREATE UNIQUE INDEX "cosmetics_client_groups_client_id_group_id_7a24cb08_uniq" ON "cosmetics_client_groups" ("client_id", "group_id");
CREATE INDEX IF NOT EXISTS "cosmetics_client_groups_client_id_bd105a36" ON "cosmetics_client_groups" ("client_id");
CREATE INDEX IF NOT EXISTS "cosmetics_client_groups_group_id_b362887d" ON "cosmetics_client_groups" ("group_id");
CREATE UNIQUE INDEX "cosmetics_client_user_permissions_client_id_permission_id_ad016a5e_uniq" ON "cosmetics_client_user_permissions" ("client_id", "permission_id");
CREATE INDEX IF NOT EXISTS "cosmetics_client_user_permissions_client_id_9180c2c7" ON "cosmetics_client_user_permissions" ("client_id");
CREATE INDEX IF NOT EXISTS "cosmetics_client_user_permissions_permission_id_72b59bee" ON "cosmetics_client_user_permissions" ("permission_id");
CREATE INDEX IF NOT EXISTS "cosmetics_subcategory_category_id_31439722" ON "cosmetics_subcategory" ("category_id");
CREATE INDEX IF NOT EXISTS "cosmetics_product_category_id_994d511a" ON "cosmetics_product" ("category_id");
CREATE INDEX IF NOT EXISTS "cosmetics_product_manufacturer_id_bfb1c733" ON "cosmetics_product" ("manufacturer_id");
CREATE INDEX IF NOT EXISTS "cosmetics_product_subcategory_id_bba80b71" ON "cosmetics_product" ("subcategory_id");
CREATE INDEX IF NOT EXISTS "cosmetics_order_client_id_fa5db577" ON "cosmetics_order" ("client_id");
CREATE UNIQUE INDEX "cosmetics_order_carts_order_id_cart_id_49c2409d_uniq" ON "cosmetics_order_carts" ("order_id", "cart_id");
CREATE INDEX IF NOT EXISTS "cosmetics_order_carts_order_id_d8627eff" ON "cosmetics_order_carts" ("order_id");
CREATE INDEX IF NOT EXISTS "cosmetics_order_carts_cart_id_b223b64f" ON "cosmetics_order_carts" ("cart_id");
CREATE INDEX IF NOT EXISTS "cosmetics_cart_client_id_abcb6bc1" ON "cosmetics_cart" ("client_id");
CREATE INDEX IF NOT EXISTS "cosmetics_cart_product_id_37f2ca93" ON "cosmetics_cart" ("product_id");
CREATE INDEX IF NOT EXISTS "django_admin_log_content_type_id_c4bce8eb" ON "django_admin_log" ("content_type_id");
CREATE INDEX IF NOT EXISTS "django_admin_log_user_id_c564eba6" ON "django_admin_log" ("user_id");
CREATE INDEX IF NOT EXISTS "django_session_expire_date_a5c62663" ON "django_session" ("expire_date");
CREATE TABLE IF NOT EXISTS "django_session" ("session_key" varchar(40) NOT NULL PRIMARY KEY, "session_data" text NOT NULL, "expire_date" datetime NOT NULL);
INSERT INTO "django_session" VALUES('tove0jtd40pox52fhxdqqi1ws6ggnxgb','.eJxVjMsOwiAQRf-FtSEtb1y69xvIDAxSNZCUdmX8dyXpQu_ynpPzYgH2rYS90xqWxM5sZqffDyE-qA6Q7lBvjcdWt3VBPhR-0M6vLdHzcrh_gQK9jCySFTR5mKIh6YzOSNoa5RRYgGwzQo7ekcTvbJ5JeOmVjxpQCyMie38AA7k4zg:1rMtcS:_bE-YjZunLTm-tk8PrGB7LXt7jVpPQvsi3Rk_hbxo0g','2024-01-22 17:41:00.891306');
INSERT INTO "django_session" VALUES('sc0q3abseria1hq1tr1fcmwqetckz1lh','.eJxVjMsOwiAQRf-FtSEtb1y69xvIDAxSNZCUdmX8dyXpQu_ynpPzYgH2rYS90xqWxM5sZqffDyE-qA6Q7lBvjcdWt3VBPhR-0M6vLdHzcrh_gQK9jCySFTR5mKIh6YzOSNoa5RRYgGwzQo7ekcTvbJ5JeOmVjxpQCyMie38AA7k4zg:1rMuHb:OCsuunGazF5ePb32Rl_FUYduzQ1iABQxgOs1vGpF3Hc','2024-01-22 18:23:31.239470');
CREATE UNIQUE INDEX "django_content_type_app_label_model_76bd3d3b_uniq" ON "django_content_type" ("app_label", "model");
CREATE UNIQUE INDEX "auth_group_permissions_group_id_permission_id_0cd325b0_uniq" ON "auth_group_permissions" ("group_id", "permission_id");
CREATE INDEX IF NOT EXISTS "auth_group_permissions_group_id_b120cbf9" ON "auth_group_permissions" ("group_id");
CREATE INDEX IF NOT EXISTS "auth_group_permissions_permission_id_84c5c92e" ON "auth_group_permissions" ("permission_id");
CREATE UNIQUE INDEX "auth_permission_content_type_id_codename_01ab375a_uniq" ON "auth_permission" ("content_type_id", "codename");
CREATE INDEX IF NOT EXISTS "auth_permission_content_type_id_2f476e4b" ON "auth_permission" ("content_type_id");
CREATE UNIQUE INDEX "cosmetics_client_groups_client_id_group_id_7a24cb08_uniq" ON "cosmetics_client_groups" ("client_id", "group_id");
CREATE INDEX IF NOT EXISTS "cosmetics_client_groups_client_id_bd105a36" ON "cosmetics_client_groups" ("client_id");
CREATE INDEX IF NOT EXISTS "cosmetics_client_groups_group_id_b362887d" ON "cosmetics_client_groups" ("group_id");
CREATE UNIQUE INDEX "cosmetics_client_user_permissions_client_id_permission_id_ad016a5e_uniq" ON "cosmetics_client_user_permissions" ("client_id", "permission_id");
CREATE INDEX IF NOT EXISTS "cosmetics_client_user_permissions_client_id_9180c2c7" ON "cosmetics_client_user_permissions" ("client_id");
CREATE INDEX IF NOT EXISTS "cosmetics_client_user_permissions_permission_id_72b59bee" ON "cosmetics_client_user_permissions" ("permission_id");
CREATE INDEX IF NOT EXISTS "cosmetics_subcategory_category_id_31439722" ON "cosmetics_subcategory" ("category_id");
CREATE INDEX IF NOT EXISTS "cosmetics_product_category_id_994d511a" ON "cosmetics_product" ("category_id");
CREATE INDEX IF NOT EXISTS "cosmetics_product_manufacturer_id_bfb1c733" ON "cosmetics_product" ("manufacturer_id");
CREATE INDEX IF NOT EXISTS "cosmetics_product_subcategory_id_bba80b71" ON "cosmetics_product" ("subcategory_id");
CREATE INDEX IF NOT EXISTS "cosmetics_order_client_id_fa5db577" ON "cosmetics_order" ("client_id");
CREATE UNIQUE INDEX "cosmetics_order_carts_order_id_cart_id_49c2409d_uniq" ON "cosmetics_order_carts" ("order_id", "cart_id");
CREATE INDEX IF NOT EXISTS "cosmetics_order_carts_order_id_d8627eff" ON "cosmetics_order_carts" ("order_id");
CREATE INDEX IF NOT EXISTS "cosmetics_order_carts_cart_id_b223b64f" ON "cosmetics_order_carts" ("cart_id");
CREATE INDEX IF NOT EXISTS "cosmetics_cart_client_id_abcb6bc1" ON "cosmetics_cart" ("client_id");
CREATE INDEX IF NOT EXISTS "cosmetics_cart_product_id_37f2ca93" ON "cosmetics_cart" ("product_id");
CREATE INDEX IF NOT EXISTS "django_admin_log_content_type_id_c4bce8eb" ON "django_admin_log" ("content_type_id");
CREATE INDEX IF NOT EXISTS "django_admin_log_user_id_c564eba6" ON "django_admin_log" ("user_id");
CREATE INDEX IF NOT EXISTS "django_session_expire_date_a5c62663" ON "django_session" ("expire_date");
